{
  "linear_regression": {
    "train": {
      "r2": 0.5202790231272078,
      "rmse": 54.61036357324019,
      "mae": 43.793527314253794
    },
    "val": {
      "r2": 0.5216495188687917,
      "rmse": 51.19371397853393,
      "mae": 42.93889963298881
    },
    "test": {
      "r2": 0.4464263764021128,
      "rmse": 54.15641293326043,
      "mae": 42.924489321986684
    },
    "training_time": 0.0019488334655761719
  },
  "ridge": {
    "train": {
      "r2": 0.405558326825872,
      "rmse": 60.79044704877767,
      "mae": 50.734682211018
    },
    "val": {
      "r2": 0.42958339454951633,
      "rmse": 55.903578655314476,
      "mae": 47.48015931157316
    },
    "test": {
      "r2": 0.39708473474634887,
      "rmse": 56.51846217662846,
      "mae": 46.95493752838108
    },
    "training_time": 0.0017931461334228516
  },
  "random_forest": {
    "train": {
      "r2": 0.9129102170612582,
      "rmse": 23.26828192925713,
      "mae": 18.4425
    },
    "val": {
      "r2": 0.4620279155576227,
      "rmse": 54.29044487287226,
      "mae": 44.64471910112359
    },
    "test": {
      "r2": 0.42658121503355273,
      "rmse": 55.1185970267953,
      "mae": 44.53831460674158
    },
    "training_time": 0.15606307983398438
  },
  "xgboost": {
    "train": {
      "r2": 0.9999996737842153,
      "rmse": 0.04503324049491588,
      "mae": 0.02939362959428267
    },
    "val": {
      "r2": 0.3463660295522829,
      "rmse": 59.84265284369939,
      "mae": 48.62426239185119
    },
    "test": {
      "r2": 0.36276815433633425,
      "rmse": 58.1046557283787,
      "mae": 46.1095525763008
    },
    "training_time": 0.060930490493774414
  },
  "best_model": "linear_regression"
}